Hub Name,Pickup-FMH SLA,FMH-CW SLA,FMH-Sub Sort SLA,CW-Sub Sort SLA,Sub Sort-CW SLA,CW-LMH SLA,SUB Sort- LMH SLA,LMH- 1st Attempt SLA,LMH-Terminal SLA,Terminal-Invoice SLA
Network Default,4,6,5,4,4,12,10,14,20,8
Mohakhali,4,6,5,4,4,12,10,14,20,8
Vatara,4,6,5,4,4,12,10,14,20,8
Uttara,4,6,5,4,4,12,10,14,20,8
60 Feet,4,6,5,4,4,12,10,14,20,8
Pallabi,4,6,5,4,4,12,10,14,20,8
Khilgaon,4,6,5,4,4,12,10,14,20,8
Jatrabari,4,6,5,4,4,12,10,14,20,8
Lalbagh,4,6,5,4,4,12,10,14,20,8
Mohammadpur,4,6,5,4,4,12,10,14,20,8
Narayanganj,4,6,5,4,4,12,10,14,20,8
Gazipur-Boardbazar,4,6,5,4,4,12,10,14,20,8
Sonargaon,4,6,5,4,4,12,10,14,20,8
Bhulta-Gawsia,4,6,5,4,4,12,10,14,20,8
Savar,4,6,5,4,4,12,10,14,20,8
Keraniganj,4,6,5,4,4,12,10,14,20,8
Tangail-Sadar,4,8.7,7.25,5.8,5.8,17.4,14.5,14,29,11.6
Barguna-Sadar,4,8.7,7.25,5.8,5.8,17.4,14.5,14,29,11.6
Barishal-Sadar,4,8.7,7.25,5.8,5.8,17.4,14.5,14,29,11.6
Bhola-Sadar,4,8.7,7.25,5.8,5.8,17.4,14.5,14,29,11.6
Patuakhali-Sadar,4,8.7,7.25,5.8,5.8,17.4,14.5,14,29,11.6
Pirojpur-Sadar,4,8.7,7.25,5.8,5.8,17.4,14.5,14,29,11.6
Bandarban-Sadar,4,8.7,7.25,5.8,5.8,17.4,14.5,14,29,11.6
Comilla-Sadar,4,8.7,7.25,5.8,5.8,17.4,14.5,14,29,11.6
Comilla-Laksam,4,8.7,7.25,5.8,5.8,17.4,14.5,14,29,11.6
Cox's Bazar-Sadar,4,8.7,7.25,5.8,5.8,17.4,14.5,14,29,11.6
CTG-Halishahar,4,8.7,7.25,5.8,5.8,17.4,14.5,14,29,11.6
CTG-Nasirabad,4,8.7,7.25,5.8,5.8,17.4,14.5,14,29,11.6
Feni-Sadar,4,8.7,7.25,5.8,5.8,17.4,14.5,14,29,11.6
Lakshmipur-Sadar,4,8.7,7.25,5.8,5.8,17.4,14.5,14,29,11.6
Noakhali-Sadar,4,8.7,7.25,5.8,5.8,17.4,14.5,14,29,11.6
Narsingdi-Sadar,4,8.7,7.25,5.8,5.8,17.4,14.5,14,29,11.6
Jamalpur-Sadar,4,8.7,7.25,5.8,5.8,17.4,14.5,14,29,11.6
Mymensingh-Sadar,4,8.7,7.25,5.8,5.8,17.4,14.5,14,29,11.6
Netrokona-Sadar,4,8.7,7.25,5.8,5.8,17.4,14.5,14,29,11.6
Bogra-Sadar,4,8.7,7.25,5.8,5.8,17.4,14.5,14,29,11.6
Joypurhat-Sadar,4,8.7,7.25,5.8,5.8,17.4,14.5,14,29,11.6
Naogaon-Sadar,4,8.7,7.25,5.8,5.8,17.4,14.5,14,29,11.6
Rajshahi-Sadar,4,8.7,7.25,5.8,5.8,17.4,14.5,14,29,11.6
Sirajganj-Sadar,4,8.7,7.25,5.8,5.8,17.4,14.5,14,29,11.6
Dinajpur-Sadar,4,8.7,7.25,5.8,5.8,17.4,14.5,14,29,11.6
Gaibandha-Sadar,4,8.7,7.25,5.8,5.8,17.4,14.5,14,29,11.6
Rangpur-Sadar,4,8.7,7.25,5.8,5.8,17.4,14.5,14,29,11.6
Habiganj-Sadar,4,8.7,7.25,5.8,5.8,17.4,14.5,14,29,11.6
Maulvibazar-Sadar,4,8.7,7.25,5.8,5.8,17.4,14.5,14,29,11.6
Sunamganj-Sadar,4,8.7,7.25,5.8,5.8,17.4,14.5,14,29,11.6
Sylhet-Sadar,4,8.7,7.25,5.8,5.8,17.4,14.5,14,29,11.6
Khulna-Sadar,4,8.7,7.25,5.8,5.8,17.4,14.5,14,29,11.6
Natore-Sadar,4,8.7,7.25,5.8,5.8,17.4,14.5,14,29,11.6
Jhalokathi-Sadar,4,8.7,7.25,5.8,5.8,17.4,14.5,14,29,11.6
Pabna-Sadar,4,8.7,7.25,5.8,5.8,17.4,14.5,14,29,11.6
Nilphamari-Sadar,4,8.7,7.25,5.8,5.8,17.4,14.5,14,29,11.6
Panchagarh-Sadar,4,8.7,7.25,5.8,5.8,17.4,14.5,14,29,11.6
Lalmonirhat-Sadar,4,8.7,7.25,5.8,5.8,17.4,14.5,14,29,11.6
Rangamati-Sadar,4,8.7,7.25,5.8,5.8,17.4,14.5,14,29,11.6
Rajbari-Sadar,4,8.7,7.25,5.8,5.8,17.4,14.5,14,29,11.6
Kurigram-Sadar,4,8.7,7.25,5.8,5.8,17.4,14.5,14,29,11.6
Narail-Sadar,4,8.7,7.25,5.8,5.8,17.4,14.5,14,29,11.6
Jessore-Sadar,4,8.7,7.25,5.8,5.8,17.4,14.5,14,29,11.6
Kushtia-Sadar,4,8.7,7.25,5.8,5.8,17.4,14.5,14,29,11.6
Satkhira-Sadar,4,8.7,7.25,5.8,5.8,17.4,14.5,14,29,11.6
Chandpur-Sadar,4,8.7,7.25,5.8,5.8,17.4,14.5,14,29,11.6
Khagrachari-Sadar,4,8.7,7.25,5.8,5.8,17.4,14.5,14,29,11.6
Bagerhat-Sadar,4,8.7,7.25,5.8,5.8,17.4,14.5,14,29,11.6
Jhenaidah-Sadar,4,8.7,7.25,5.8,5.8,17.4,14.5,14,29,11.6
Magura-Sadar,4,8.7,7.25,5.8,5.8,17.4,14.5,14,29,11.6
Sherpur-Sadar,4,8.7,7.25,5.8,5.8,17.4,14.5,14,29,11.6
Thakurgaon-Sadar,4,8.7,7.25,5.8,5.8,17.4,14.5,14,29,11.6
B.Baria-Sadar,4,8.7,7.25,5.8,5.8,17.4,14.5,14,29,11.6
Shariatpur-Sadar,4,8.7,7.25,5.8,5.8,17.4,14.5,14,29,11.6
Gazipur-Joydebpur,4,6,5,4,4,12,10,14,20,8
Gopalganj-Sadar,4,8.7,7.25,5.8,5.8,17.4,14.5,14,29,11.6
Manikganj-Sadar,4,8.7,7.25,5.8,5.8,17.4,14.5,14,29,11.6
Chuadanga-Sadar,4,8.7,7.25,5.8,5.8,17.4,14.5,14,29,11.6
Savar-Baipail,4,6,5,4,4,12,10,14,20,8
Kishoreganj-Sadar,4,8.7,7.25,5.8,5.8,17.4,14.5,14,29,11.6
Chapainawabganj-Sadar,4,8.7,7.25,5.8,5.8,17.4,14.5,14,29,11.6
Gazipur-Mawna,4,6,5,4,4,12,10,14,20,8
Meherpur-Sadar,4,8.7,7.25,5.8,5.8,17.4,14.5,14,29,11.6
Madaripur-Sadar,4,8.7,7.25,5.8,5.8,17.4,14.5,14,29,11.6
Faridpur-Sadar,4,8.7,7.25,5.8,5.8,17.4,14.5,14,29,11.6
Munshiganj-Sadar,4,8.7,7.25,5.8,5.8,17.4,14.5,14,29,11.6
Comilla-Daudkandi,4,8.7,7.25,5.8,5.8,17.4,14.5,14,29,11.6
CTG-Anwara,4,8.7,7.25,5.8,5.8,17.4,14.5,14,29,11.6
Cox's Bazar-Chakaria,4,8.7,7.25,5.8,5.8,17.4,14.5,14,29,11.6
Noakhali-Chatkhil,4,8.7,7.25,5.8,5.8,17.4,14.5,14,29,11.6
Sylhet-Beanibazar,4,8.7,7.25,5.8,5.8,17.4,14.5,14,29,11.6
Dohar-Nawabganj,4,6,5,4,4,12,10,14,20,8
Badda,4,6,5,4,4,12,10,14,20,8
Mymensingh-Bhaluka,4,8.7,7.25,5.8,5.8,17.4,14.5,14,29,11.6
Tangail-Ghatail,4,8.7,7.25,5.8,5.8,17.4,14.5,14,29,11.6
Chandpur-Hajiganj,4,8.7,7.25,5.8,5.8,17.4,14.5,14,29,11.6
CTG-Sitakunda,4,8.7,7.25,5.8,5.8,17.4,14.5,14,29,11.6
CTG-Hathazari,4,8.7,7.25,5.8,5.8,17.4,14.5,14,29,11.6
Cox's Bazar-Ukhia,4,8.7,7.25,5.8,5.8,17.4,14.5,14,29,11.6
Barisal-Gournadi,4,8.7,7.25,5.8,5.8,17.4,14.5,14,29,11.6
Jessore-Sharsha,4,8.7,7.25,5.8,5.8,17.4,14.5,14,29,11.6
Bogra-Sherpur,4,8.7,7.25,5.8,5.8,17.4,14.5,14,29,11.6
Pabna-Bhangura,4,8.7,7.25,5.8,5.8,17.4,14.5,14,29,11.6
Dinajpur-Nawabganj,4,8.7,7.25,5.8,5.8,17.4,14.5,14,29,11.6
Nilphamari-Joldhaka,4,8.7,7.25,5.8,5.8,17.4,14.5,14,29,11.6
Comilla-Muradnagar,4,8.7,7.25,5.8,5.8,17.4,14.5,14,29,11.6
Faridpur-Bhanga,4,8.7,7.25,5.8,5.8,17.4,14.5,14,29,11.6
Kushtia-Bheramara,4,8.7,7.25,5.8,5.8,17.4,14.5,14,29,11.6
Sunamganj-Jagannathpur,4,8.7,7.25,5.8,5.8,17.4,14.5,14,29,11.6
Bhola-Charfassion,4,8.7,7.25,5.8,5.8,17.4,14.5,14,29,11.6
Gazipur-Mouchak,4,6,5,4,4,12,10,14,20,8
Gazipur-Kapasiya,4,6,5,4,4,12,10,14,20,8
Narsingdi-Shibpur,4,8.7,7.25,5.8,5.8,17.4,14.5,14,29,11.6
Habiganj-Nabiganj,4,8.7,7.25,5.8,5.8,17.4,14.5,14,29,11.6
Moulvibazar-Kulaura,4,8.7,7.25,5.8,5.8,17.4,14.5,14,29,11.6
Pirojpur-Mathbaria,4,8.7,7.25,5.8,5.8,17.4,14.5,14,29,11.6
Sylhet-Jaintiapur,4,8.7,7.25,5.8,5.8,17.4,14.5,14,29,11.6
Mymensingh-Phulpur,4,8.7,7.25,5.8,5.8,17.4,14.5,14,29,11.6
Munshiganj-Sreenagar,4,8.7,7.25,5.8,5.8,17.4,14.5,14,29,11.6
Kishoreganj-Mithamain,4,8.7,7.25,5.8,5.8,17.4,14.5,14,29,11.6
Noakhali-Senbagh,4,8.7,7.25,5.8,5.8,17.4,14.5,14,29,11.6
Khulna-Dumuria,4,8.7,7.25,5.8,5.8,17.4,14.5,14,29,11.6
Khulna-Paikgacha,4,8.7,7.25,5.8,5.8,17.4,14.5,14,29,11.6
Jessore-Manirampur,4,8.7,7.25,5.8,5.8,17.4,14.5,14,29,11.6
Rangpur-Mithapukur,4,8.7,7.25,5.8,5.8,17.4,14.5,14,29,11.6
Sirajganj-Shahjadpur,4,8.7,7.25,5.8,5.8,17.4,14.5,14,29,11.6
B.Baria-Kasba,4,8.7,7.25,5.8,5.8,17.4,14.5,14,29,11.6
Patuakhali-Galachipa,4,8.7,7.25,5.8,5.8,17.4,14.5,14,29,11.6
Bagerhat-Mongla,4,8.7,7.25,5.8,5.8,17.4,14.5,14,29,11.6
Kishoreganj-Bhairab,4,8.7,7.25,5.8,5.8,17.4,14.5,14,29,11.6
Habiganj-Chunarughat,4,8.7,7.25,5.8,5.8,17.4,14.5,14,29,11.6
Sunamganj-Chhatak,4,8.7,7.25,5.8,5.8,17.4,14.5,14,29,11.6
Moulvibazar-Sreemangal,4,8.7,7.25,5.8,5.8,17.4,14.5,14,29,11.6
Jamalpur-Dewanganj,4,8.7,7.25,5.8,5.8,17.4,14.5,14,29,11.6
Mymensingh-Trishal,4,8.7,7.25,5.8,5.8,17.4,14.5,14,29,11.6
CTG-Patenga,4,8.7,7.25,5.8,5.8,17.4,14.5,14,29,11.6
Chandpur-Faridganj,4,8.7,7.25,5.8,5.8,17.4,14.5,14,29,11.6
Feni-Daganbhuya,4,8.7,7.25,5.8,5.8,17.4,14.5,14,29,11.6
Tangail-Mirzapur,4,8.7,7.25,5.8,5.8,17.4,14.5,14,29,11.6
Chapainawabganj-Shibganj,4,8.7,7.25,5.8,5.8,17.4,14.5,14,29,11.6
Bogra-Dhupchanchia,4,8.7,7.25,5.8,5.8,17.4,14.5,14,29,11.6
Dinajpur-Birganj,4,8.7,7.25,5.8,5.8,17.4,14.5,14,29,11.6
CTG-Rangunia,4,8.7,7.25,5.8,5.8,17.4,14.5,14,29,11.6
CTG-Patiya,4,8.7,7.25,5.8,5.8,17.4,14.5,14,29,11.6
Rajshahi-Puthia,4,8.7,7.25,5.8,5.8,17.4,14.5,14,29,11.6
Dhonia,4,6,5,4,4,12,10,14,20,8
Savar-Dhamrai,4,6,5,4,4,12,10,14,20,8
Sylhet-Fenchuganj,4,8.7,7.25,5.8,5.8,17.4,14.5,14,29,11.6
Comilla-Chandina,4,8.7,7.25,5.8,5.8,17.4,14.5,14,29,11.6
Noakhali-Companiganj,4,8.7,7.25,5.8,5.8,17.4,14.5,14,29,11.6
B.Baria-Nabinagar,4,8.7,7.25,5.8,5.8,17.4,14.5,14,29,11.6
Comilla-Chauddagram,4,8.7,7.25,5.8,5.8,17.4,14.5,14,29,11.6
CTG-Mirsarai,4,8.7,7.25,5.8,5.8,17.4,14.5,14,29,11.6
Narayanganj-Araihazar,4,6,5,4,4,12,10,14,20,8
Keraniganj-Ati Bazar,4,6,5,4,4,12,10,14,20,8
Narayanganj-Bandar,4,6,5,4,4,12,10,14,20,8
Kishoreganj-Pakundia,4,8.7,7.25,5.8,5.8,17.4,14.5,14,29,11.6
Barisal-Muladi,4,8.7,7.25,5.8,5.8,17.4,14.5,14,29,11.6
Satkhira-Kaliganj,4,8.7,7.25,5.8,5.8,17.4,14.5,14,29,11.6
Pabna-Ishwardi,4,8.7,7.25,5.8,5.8,17.4,14.5,14,29,11.6
Rupganj,4,6,5,4,4,12,10,14,20,8
Habiganj-Madhabpur,4,8.7,7.25,5.8,5.8,17.4,14.5,14,29,11.6
Sylhet-Golapganj,4,8.7,7.25,5.8,5.8,17.4,14.5,14,29,11.6
Sylhet-Gowainghat,4,8.7,7.25,5.8,5.8,17.4,14.5,14,29,11.6
Diabari,4,6,5,4,4,12,10,14,20,8
Patuakhali-Kalapara,4,8.7,7.25,5.8,5.8,17.4,14.5,14,29,11.6
Mymensingh-Gaffargaon,4,8.7,7.25,5.8,5.8,17.4,14.5,14,29,11.6
Sylhet-Dakshin Surma,4,8.7,7.25,5.8,5.8,17.4,14.5,14,29,11.6
Jessore-Abhaynagar,4,8.7,7.25,5.8,5.8,17.4,14.5,14,29,11.6
Gaibandha-Gobindaganj,4,8.7,7.25,5.8,5.8,17.4,14.5,14,29,11.6
Naogaon-Patnitala,4,8.7,7.25,5.8,5.8,17.4,14.5,14,29,11.6
Kushtia-Daulatpur,4,8.7,7.25,5.8,5.8,17.4,14.5,14,29,11.6
Barisal-Bakerganj,4,8.7,7.25,5.8,5.8,17.4,14.5,14,29,11.6
Sirajganj-Ullapara,4,8.7,7.25,5.8,5.8,17.4,14.5,14,29,11.6
Jhenaidah-Maheshpur,4,8.7,7.25,5.8,5.8,17.4,14.5,14,29,11.6
Netrakona-Mohonganj,4,8.7,7.25,5.8,5.8,17.4,14.5,14,29,11.6
Bagerhat-Morrelganj,4,8.7,7.25,5.8,5.8,17.4,14.5,14,29,11.6
Siddhirganj,4,6,5,4,4,12,10,14,20,8
Comilla-Brahmanpara,4,8.7,7.25,5.8,5.8,17.4,14.5,14,29,11.6
CTG-Satkania,4,8.7,7.25,5.8,5.8,17.4,14.5,14,29,11.6
Nilphamari-Saidpur,4,8.7,7.25,5.8,5.8,17.4,14.5,14,29,11.6
Moulvibazar-Rajnagar,4,8.7,7.25,5.8,5.8,17.4,14.5,14,29,11.6
Moulvibazar-Kamalganj,4,8.7,7.25,5.8,5.8,17.4,14.5,14,29,11.6
Comilla-Burichang,4,8.7,7.25,5.8,5.8,17.4,14.5,14,29,11.6
CTG-Fatikchari,4,8.7,7.25,5.8,5.8,17.4,14.5,14,29,11.6
Khilkhet,4,6,5,4,4,12,10,14,20,8
Gazipur-Kaliganj,4,6,5,4,4,12,10,14,20,8
Faridpur-Boalmari,4,8.7,7.25,5.8,5.8,17.4,14.5,14,29,11.6
Gopalganj-Muksudpur,4,8.7,7.25,5.8,5.8,17.4,14.5,14,29,11.6
Shariatpur-Damudya,4,8.7,7.25,5.8,5.8,17.4,14.5,14,29,11.6
Tangail-Sakhipur,4,8.7,7.25,5.8,5.8,17.4,14.5,14,29,11.6
Narsingdi-Roypura,4,8.7,7.25,5.8,5.8,17.4,14.5,14,29,11.6
Sylhet-Bishwanath,4,8.7,7.25,5.8,5.8,17.4,14.5,14,29,11.6
Noakhali-Subarnachar,4,8.7,7.25,5.8,5.8,17.4,14.5,14,29,11.6
Feni-Sonagazi,4,8.7,7.25,5.8,5.8,17.4,14.5,14,29,11.6
Feni-Chhagalnaiya,4,8.7,7.25,5.8,5.8,17.4,14.5,14,29,11.6
Sunamganj-Derai,4,8.7,7.25,5.8,5.8,17.4,14.5,14,29,11.6
B.Baria-Nasirnagar,4,8.7,7.25,5.8,5.8,17.4,14.5,14,29,11.6
B.Baria-Bancharampur,4,8.7,7.25,5.8,5.8,17.4,14.5,14,29,11.6
Cox's Bazar-Teknaf,4,8.7,7.25,5.8,5.8,17.4,14.5,14,29,11.6
B.Baria-Akhaura,4,8.7,7.25,5.8,5.8,17.4,14.5,14,29,11.6
Madaripur-Shibchar,4,8.7,7.25,5.8,5.8,17.4,14.5,14,29,11.6
Moulvibazar-Barlekha,4,8.7,7.25,5.8,5.8,17.4,14.5,14,29,11.6
Manikganj-Singair,4,8.7,7.25,5.8,5.8,17.4,14.5,14,29,11.6
CTG-Banshkhali,4,8.7,7.25,5.8,5.8,17.4,14.5,14,29,11.6
Demra,4,6,5,4,4,12,10,14,20,8
Noakhali-Begumganj,4,8.7,7.25,5.8,5.8,17.4,14.5,14,29,11.6
Comilla-Nangalkot,4,8.7,7.25,5.8,5.8,17.4,14.5,14,29,11.6
Chandpur-Kachua,4,8.7,7.25,5.8,5.8,17.4,14.5,14,29,11.6
Lakshmipur-Ramganj,4,8.7,7.25,5.8,5.8,17.4,14.5,14,29,11.6
Sylhet-Kanaighat,4,8.7,7.25,5.8,5.8,17.4,14.5,14,29,11.6
Chandpur-Matlab Dakshin,4,8.7,7.25,5.8,5.8,17.4,14.5,14,29,11.6
Lakshmipur-Kamalnagar,4,8.7,7.25,5.8,5.8,17.4,14.5,14,29,11.6
Cox's Bazar-Ramu,4,8.7,7.25,5.8,5.8,17.4,14.5,14,29,11.6
Cox's Bazar-Maheshkhali,4,8.7,7.25,5.8,5.8,17.4,14.5,14,29,11.6
CTG-Raozan,4,8.7,7.25,5.8,5.8,17.4,14.5,14,29,11.6
Sylhet-Osmaninagar,4,8.7,7.25,5.8,5.8,17.4,14.5,14,29,11.6
Kamrangirchar,4,6,5,4,4,12,10,14,20,8
Chandpur-Shahrasti,4,8.7,7.25,5.8,5.8,17.4,14.5,14,29,11.6
Comilla-Barura,4,8.7,7.25,5.8,5.8,17.4,14.5,14,29,11.6
Kolabagan,4,6,5,4,4,12,10,14,20,8
Nadda,4,6,5,4,4,12,10,14,20,8
Lakshmipur-Raipur,4,8.7,7.25,5.8,5.8,17.4,14.5,14,29,11.6
Comilla-Debidwar,4,8.7,7.25,5.8,5.8,17.4,14.5,14,29,11.6
