Hub Name,Created-Sorted SLA,Sorted-CW SLA,Sorted-Sub Sort SLA,Sub Sort-CW SLA,CW-LMH SLA,SUB Sort-LMH SLA,LMH-Return to Merchant SLA,Terminal-Invoice SLA
Network Default,12,8,6,10,12,10,24,8
Mohakhali,12,8,6,10,12,10,24,8
Vatara,12,8,6,10,12,10,24,8
Uttara,12,8,6,10,12,10,24,8
60 Feet,12,8,6,10,12,10,24,8
Pallabi,12,8,6,10,12,10,24,8
Khilgaon,12,8,6,10,12,10,24,8
Jatrabari,12,8,6,10,12,10,24,8
Lalbagh,12,8,6,10,12,10,24,8
Mohammadpur,12,8,6,10,12,10,24,8
Narayanganj,12,8,6,10,12,10,24,8
Gazipur-Boardbazar,12,8,6,10,12,10,24,8
Sonargaon,12,8,6,10,12,10,24,8
Bhulta-Gawsia,12,8,6,10,12,10,24,8
Savar,12,8,6,10,12,10,24,8
Keraniganj,12,8,6,10,12,10,24,8
Tangail-Sadar,12,11.6,8.7,14.5,17.4,14.5,34.8,11.6
Barguna-Sadar,12,11.6,8.7,14.5,17.4,14.5,34.8,11.6
Barishal-Sadar,12,11.6,8.7,14.5,17.4,14.5,34.8,11.6
Bhola-Sadar,12,11.6,8.7,14.5,17.4,14.5,34.8,11.6
Patuakhali-Sadar,12,11.6,8.7,14.5,17.4,14.5,34.8,11.6
Pirojpur-Sadar,12,11.6,8.7,14.5,17.4,14.5,34.8,11.6
Bandarban-Sadar,12,11.6,8.7,14.5,17.4,14.5,34.8,11.6
Comilla-Sadar,12,11.6,8.7,14.5,17.4,14.5,34.8,11.6
Comilla-Laksam,12,11.6,8.7,14.5,17.4,14.5,34.8,11.6
Cox's Bazar-Sadar,12,11.6,8.7,14.5,17.4,14.5,34.8,11.6
CTG-Halishahar,12,11.6,8.7,14.5,17.4,14.5,34.8,11.6
CTG-Nasirabad,12,11.6,8.7,14.5,17.4,14.5,34.8,11.6
Feni-Sadar,12,11.6,8.7,14.5,17.4,14.5,34.8,11.6
Lakshmipur-Sadar,12,11.6,8.7,14.5,17.4,14.5,34.8,11.6
Noakhali-Sadar,12,11.6,8.7,14.5,17.4,14.5,34.8,11.6
Narsingdi-Sadar,12,11.6,8.7,14.5,17.4,14.5,34.8,11.6
Jamalpur-Sadar,12,11.6,8.7,14.5,17.4,14.5,34.8,11.6
Mymensingh-Sadar,12,11.6,8.7,14.5,17.4,14.5,34.8,11.6
Netrokona-Sadar,12,11.6,8.7,14.5,17.4,14.5,34.8,11.6
Bogra-Sadar,12,11.6,8.7,14.5,17.4,14.5,34.8,11.6
Joypurhat-Sadar,12,11.6,8.7,14.5,17.4,14.5,34.8,11.6
Naogaon-Sadar,12,11.6,8.7,14.5,17.4,14.5,34.8,11.6
Rajshahi-Sadar,12,11.6,8.7,14.5,17.4,14.5,34.8,11.6
Sirajganj-Sadar,12,11.6,8.7,14.5,17.4,14.5,34.8,11.6
Dinajpur-Sadar,12,11.6,8.7,14.5,17.4,14.5,34.8,11.6
Gaibandha-Sadar,12,11.6,8.7,14.5,17.4,14.5,34.8,11.6
Rangpur-Sadar,12,11.6,8.7,14.5,17.4,14.5,34.8,11.6
Habiganj-Sadar,12,11.6,8.7,14.5,17.4,14.5,34.8,11.6
Maulvibazar-Sadar,12,11.6,8.7,14.5,17.4,14.5,34.8,11.6
Sunamganj-Sadar,12,11.6,8.7,14.5,17.4,14.5,34.8,11.6
Sylhet-Sadar,12,11.6,8.7,14.5,17.4,14.5,34.8,11.6
Khulna-Sadar,12,11.6,8.7,14.5,17.4,14.5,34.8,11.6
Natore-Sadar,12,11.6,8.7,14.5,17.4,14.5,34.8,11.6
Jhalokathi-Sadar,12,11.6,8.7,14.5,17.4,14.5,34.8,11.6
Pabna-Sadar,12,11.6,8.7,14.5,17.4,14.5,34.8,11.6
Nilphamari-Sadar,12,11.6,8.7,14.5,17.4,14.5,34.8,11.6
Panchagarh-Sadar,12,11.6,8.7,14.5,17.4,14.5,34.8,11.6
Lalmonirhat-Sadar,12,11.6,8.7,14.5,17.4,14.5,34.8,11.6
Rangamati-Sadar,12,11.6,8.7,14.5,17.4,14.5,34.8,11.6
Rajbari-Sadar,12,11.6,8.7,14.5,17.4,14.5,34.8,11.6
Kurigram-Sadar,12,11.6,8.7,14.5,17.4,14.5,34.8,11.6
Narail-Sadar,12,11.6,8.7,14.5,17.4,14.5,34.8,11.6
Jessore-Sadar,12,11.6,8.7,14.5,17.4,14.5,34.8,11.6
Kushtia-Sadar,12,11.6,8.7,14.5,17.4,14.5,34.8,11.6
Satkhira-Sadar,12,11.6,8.7,14.5,17.4,14.5,34.8,11.6
Chandpur-Sadar,12,11.6,8.7,14.5,17.4,14.5,34.8,11.6
Khagrachari-Sadar,12,11.6,8.7,14.5,17.4,14.5,34.8,11.6
Bagerhat-Sadar,12,11.6,8.7,14.5,17.4,14.5,34.8,11.6
Jhenaidah-Sadar,12,11.6,8.7,14.5,17.4,14.5,34.8,11.6
Magura-Sadar,12,11.6,8.7,14.5,17.4,14.5,34.8,11.6
Sherpur-Sadar,12,11.6,8.7,14.5,17.4,14.5,34.8,11.6
Thakurgaon-Sadar,12,11.6,8.7,14.5,17.4,14.5,34.8,11.6
B.Baria-Sadar,12,11.6,8.7,14.5,17.4,14.5,34.8,11.6
Shariatpur-Sadar,12,11.6,8.7,14.5,17.4,14.5,34.8,11.6
Gazipur-Joydebpur,12,8,6,10,12,10,24,8
Gopalganj-Sadar,12,11.6,8.7,14.5,17.4,14.5,34.8,11.6
Manikganj-Sadar,12,11.6,8.7,14.5,17.4,14.5,34.8,11.6
Chuadanga-Sadar,12,11.6,8.7,14.5,17.4,14.5,34.8,11.6
Savar-Baipail,12,8,6,10,12,10,24,8
Kishoreganj-Sadar,12,11.6,8.7,14.5,17.4,14.5,34.8,11.6
Chapainawabganj-Sadar,12,11.6,8.7,14.5,17.4,14.5,34.8,11.6
Gazipur-Mawna,12,8,6,10,12,10,24,8
Meherpur-Sadar,12,11.6,8.7,14.5,17.4,14.5,34.8,11.6
Madaripur-Sadar,12,11.6,8.7,14.5,17.4,14.5,34.8,11.6
Faridpur-Sadar,12,11.6,8.7,14.5,17.4,14.5,34.8,11.6
Munshiganj-Sadar,12,11.6,8.7,14.5,17.4,14.5,34.8,11.6
Comilla-Daudkandi,12,11.6,8.7,14.5,17.4,14.5,34.8,11.6
CTG-Anwara,12,11.6,8.7,14.5,17.4,14.5,34.8,11.6
Cox's Bazar-Chakaria,12,11.6,8.7,14.5,17.4,14.5,34.8,11.6
Noakhali-Chatkhil,12,11.6,8.7,14.5,17.4,14.5,34.8,11.6
Sylhet-Beanibazar,12,11.6,8.7,14.5,17.4,14.5,34.8,11.6
Dohar-Nawabganj,12,8,6,10,12,10,24,8
Badda,12,8,6,10,12,10,24,8
Mymensingh-Bhaluka,12,11.6,8.7,14.5,17.4,14.5,34.8,11.6
Tangail-Ghatail,12,11.6,8.7,14.5,17.4,14.5,34.8,11.6
Chandpur-Hajiganj,12,11.6,8.7,14.5,17.4,14.5,34.8,11.6
CTG-Sitakunda,12,11.6,8.7,14.5,17.4,14.5,34.8,11.6
CTG-Hathazari,12,11.6,8.7,14.5,17.4,14.5,34.8,11.6
Cox's Bazar-Ukhia,12,11.6,8.7,14.5,17.4,14.5,34.8,11.6
Barisal-Gournadi,12,11.6,8.7,14.5,17.4,14.5,34.8,11.6
Jessore-Sharsha,12,11.6,8.7,14.5,17.4,14.5,34.8,11.6
Bogra-Sherpur,12,11.6,8.7,14.5,17.4,14.5,34.8,11.6
Pabna-Bhangura,12,11.6,8.7,14.5,17.4,14.5,34.8,11.6
Dinajpur-Nawabganj,12,11.6,8.7,14.5,17.4,14.5,34.8,11.6
Nilphamari-Joldhaka,12,11.6,8.7,14.5,17.4,14.5,34.8,11.6
Comilla-Muradnagar,12,11.6,8.7,14.5,17.4,14.5,34.8,11.6
Faridpur-Bhanga,12,11.6,8.7,14.5,17.4,14.5,34.8,11.6
Kushtia-Bheramara,12,11.6,8.7,14.5,17.4,14.5,34.8,11.6
Sunamganj-Jagannathpur,12,11.6,8.7,14.5,17.4,14.5,34.8,11.6
Bhola-Charfassion,12,11.6,8.7,14.5,17.4,14.5,34.8,11.6
Gazipur-Mouchak,12,8,6,10,12,10,24,8
Gazipur-Kapasiya,12,8,6,10,12,10,24,8
Narsingdi-Shibpur,12,11.6,8.7,14.5,17.4,14.5,34.8,11.6
Habiganj-Nabiganj,12,11.6,8.7,14.5,17.4,14.5,34.8,11.6
Moulvibazar-Kulaura,12,11.6,8.7,14.5,17.4,14.5,34.8,11.6
Pirojpur-Mathbaria,12,11.6,8.7,14.5,17.4,14.5,34.8,11.6
Sylhet-Jaintiapur,12,11.6,8.7,14.5,17.4,14.5,34.8,11.6
Mymensingh-Phulpur,12,11.6,8.7,14.5,17.4,14.5,34.8,11.6
Munshiganj-Sreenagar,12,11.6,8.7,14.5,17.4,14.5,34.8,11.6
Kishoreganj-Mithamain,12,11.6,8.7,14.5,17.4,14.5,34.8,11.6
Noakhali-Senbagh,12,11.6,8.7,14.5,17.4,14.5,34.8,11.6
Khulna-Dumuria,12,11.6,8.7,14.5,17.4,14.5,34.8,11.6
Khulna-Paikgacha,12,11.6,8.7,14.5,17.4,14.5,34.8,11.6
Jessore-Manirampur,12,11.6,8.7,14.5,17.4,14.5,34.8,11.6
Rangpur-Mithapukur,12,11.6,8.7,14.5,17.4,14.5,34.8,11.6
Sirajganj-Shahjadpur,12,11.6,8.7,14.5,17.4,14.5,34.8,11.6
B.Baria-Kasba,12,11.6,8.7,14.5,17.4,14.5,34.8,11.6
Patuakhali-Galachipa,12,11.6,8.7,14.5,17.4,14.5,34.8,11.6
Bagerhat-Mongla,12,11.6,8.7,14.5,17.4,14.5,34.8,11.6
Kishoreganj-Bhairab,12,11.6,8.7,14.5,17.4,14.5,34.8,11.6
Habiganj-Chunarughat,12,11.6,8.7,14.5,17.4,14.5,34.8,11.6
Sunamganj-Chhatak,12,11.6,8.7,14.5,17.4,14.5,34.8,11.6
Moulvibazar-Sreemangal,12,11.6,8.7,14.5,17.4,14.5,34.8,11.6
Jamalpur-Dewanganj,12,11.6,8.7,14.5,17.4,14.5,34.8,11.6
Mymensingh-Trishal,12,11.6,8.7,14.5,17.4,14.5,34.8,11.6
CTG-Patenga,12,11.6,8.7,14.5,17.4,14.5,34.8,11.6
Chandpur-Faridganj,12,11.6,8.7,14.5,17.4,14.5,34.8,11.6
Feni-Daganbhuya,12,11.6,8.7,14.5,17.4,14.5,34.8,11.6
Tangail-Mirzapur,12,11.6,8.7,14.5,17.4,14.5,34.8,11.6
Chapainawabganj-Shibganj,12,11.6,8.7,14.5,17.4,14.5,34.8,11.6
Bogra-Dhupchanchia,12,11.6,8.7,14.5,17.4,14.5,34.8,11.6
Dinajpur-Birganj,12,11.6,8.7,14.5,17.4,14.5,34.8,11.6
CTG-Rangunia,12,11.6,8.7,14.5,17.4,14.5,34.8,11.6
CTG-Patiya,12,11.6,8.7,14.5,17.4,14.5,34.8,11.6
Rajshahi-Puthia,12,11.6,8.7,14.5,17.4,14.5,34.8,11.6
Dhonia,12,8,6,10,12,10,24,8
Savar-Dhamrai,12,8,6,10,12,10,24,8
Sylhet-Fenchuganj,12,11.6,8.7,14.5,17.4,14.5,34.8,11.6
Comilla-Chandina,12,11.6,8.7,14.5,17.4,14.5,34.8,11.6
Noakhali-Companiganj,12,11.6,8.7,14.5,17.4,14.5,34.8,11.6
B.Baria-Nabinagar,12,11.6,8.7,14.5,17.4,14.5,34.8,11.6
Comilla-Chauddagram,12,11.6,8.7,14.5,17.4,14.5,34.8,11.6
CTG-Mirsarai,12,11.6,8.7,14.5,17.4,14.5,34.8,11.6
Narayanganj-Araihazar,12,8,6,10,12,10,24,8
Keraniganj-Ati Bazar,12,8,6,10,12,10,24,8
Narayanganj-Bandar,12,8,6,10,12,10,24,8
Kishoreganj-Pakundia,12,11.6,8.7,14.5,17.4,14.5,34.8,11.6
Barisal-Muladi,12,11.6,8.7,14.5,17.4,14.5,34.8,11.6
Satkhira-Kaliganj,12,11.6,8.7,14.5,17.4,14.5,34.8,11.6
Pabna-Ishwardi,12,11.6,8.7,14.5,17.4,14.5,34.8,11.6
Rupganj,12,8,6,10,12,10,24,8
Habiganj-Madhabpur,12,11.6,8.7,14.5,17.4,14.5,34.8,11.6
Sylhet-Golapganj,12,11.6,8.7,14.5,17.4,14.5,34.8,11.6
Sylhet-Gowainghat,12,11.6,8.7,14.5,17.4,14.5,34.8,11.6
Diabari,12,8,6,10,12,10,24,8
Patuakhali-Kalapara,12,11.6,8.7,14.5,17.4,14.5,34.8,11.6
Mymensingh-Gaffargaon,12,11.6,8.7,14.5,17.4,14.5,34.8,11.6
Sylhet-Dakshin Surma,12,11.6,8.7,14.5,17.4,14.5,34.8,11.6
Jessore-Abhaynagar,12,11.6,8.7,14.5,17.4,14.5,34.8,11.6
Gaibandha-Gobindaganj,12,11.6,8.7,14.5,17.4,14.5,34.8,11.6
Naogaon-Patnitala,12,11.6,8.7,14.5,17.4,14.5,34.8,11.6
Kushtia-Daulatpur,12,11.6,8.7,14.5,17.4,14.5,34.8,11.6
Barisal-Bakerganj,12,11.6,8.7,14.5,17.4,14.5,34.8,11.6
Sirajganj-Ullapara,12,11.6,8.7,14.5,17.4,14.5,34.8,11.6
Jhenaidah-Maheshpur,12,11.6,8.7,14.5,17.4,14.5,34.8,11.6
Netrakona-Mohonganj,12,11.6,8.7,14.5,17.4,14.5,34.8,11.6
Bagerhat-Morrelganj,12,11.6,8.7,14.5,17.4,14.5,34.8,11.6
Siddhirganj,12,8,6,10,12,10,24,8
Comilla-Brahmanpara,12,11.6,8.7,14.5,17.4,14.5,34.8,11.6
CTG-Satkania,12,11.6,8.7,14.5,17.4,14.5,34.8,11.6
Nilphamari-Saidpur,12,11.6,8.7,14.5,17.4,14.5,34.8,11.6
Moulvibazar-Rajnagar,12,11.6,8.7,14.5,17.4,14.5,34.8,11.6
Moulvibazar-Kamalganj,12,11.6,8.7,14.5,17.4,14.5,34.8,11.6
Comilla-Burichang,12,11.6,8.7,14.5,17.4,14.5,34.8,11.6
CTG-Fatikchari,12,11.6,8.7,14.5,17.4,14.5,34.8,11.6
Khilkhet,12,8,6,10,12,10,24,8
Gazipur-Kaliganj,12,8,6,10,12,10,24,8
Faridpur-Boalmari,12,11.6,8.7,14.5,17.4,14.5,34.8,11.6
Gopalganj-Muksudpur,12,11.6,8.7,14.5,17.4,14.5,34.8,11.6
Shariatpur-Damudya,12,11.6,8.7,14.5,17.4,14.5,34.8,11.6
Tangail-Sakhipur,12,11.6,8.7,14.5,17.4,14.5,34.8,11.6
Narsingdi-Roypura,12,11.6,8.7,14.5,17.4,14.5,34.8,11.6
Sylhet-Bishwanath,12,11.6,8.7,14.5,17.4,14.5,34.8,11.6
Noakhali-Subarnachar,12,11.6,8.7,14.5,17.4,14.5,34.8,11.6
Feni-Sonagazi,12,11.6,8.7,14.5,17.4,14.5,34.8,11.6
Feni-Chhagalnaiya,12,11.6,8.7,14.5,17.4,14.5,34.8,11.6
Sunamganj-Derai,12,11.6,8.7,14.5,17.4,14.5,34.8,11.6
B.Baria-Nasirnagar,12,11.6,8.7,14.5,17.4,14.5,34.8,11.6
B.Baria-Bancharampur,12,11.6,8.7,14.5,17.4,14.5,34.8,11.6
Cox's Bazar-Teknaf,12,11.6,8.7,14.5,17.4,14.5,34.8,11.6
B.Baria-Akhaura,12,11.6,8.7,14.5,17.4,14.5,34.8,11.6
Madaripur-Shibchar,12,11.6,8.7,14.5,17.4,14.5,34.8,11.6
Moulvibazar-Barlekha,12,11.6,8.7,14.5,17.4,14.5,34.8,11.6
Manikganj-Singair,12,11.6,8.7,14.5,17.4,14.5,34.8,11.6
CTG-Banshkhali,12,11.6,8.7,14.5,17.4,14.5,34.8,11.6
Demra,12,8,6,10,12,10,24,8
Noakhali-Begumganj,12,11.6,8.7,14.5,17.4,14.5,34.8,11.6
Comilla-Nangalkot,12,11.6,8.7,14.5,17.4,14.5,34.8,11.6
Chandpur-Kachua,12,11.6,8.7,14.5,17.4,14.5,34.8,11.6
Lakshmipur-Ramganj,12,11.6,8.7,14.5,17.4,14.5,34.8,11.6
Sylhet-Kanaighat,12,11.6,8.7,14.5,17.4,14.5,34.8,11.6
Chandpur-Matlab Dakshin,12,11.6,8.7,14.5,17.4,14.5,34.8,11.6
Lakshmipur-Kamalnagar,12,11.6,8.7,14.5,17.4,14.5,34.8,11.6
Cox's Bazar-Ramu,12,11.6,8.7,14.5,17.4,14.5,34.8,11.6
Cox's Bazar-Maheshkhali,12,11.6,8.7,14.5,17.4,14.5,34.8,11.6
CTG-Raozan,12,11.6,8.7,14.5,17.4,14.5,34.8,11.6
Sylhet-Osmaninagar,12,11.6,8.7,14.5,17.4,14.5,34.8,11.6
Kamrangirchar,12,8,6,10,12,10,24,8
Chandpur-Shahrasti,12,11.6,8.7,14.5,17.4,14.5,34.8,11.6
Comilla-Barura,12,11.6,8.7,14.5,17.4,14.5,34.8,11.6
Kolabagan,12,8,6,10,12,10,24,8
Nadda,12,8,6,10,12,10,24,8
Lakshmipur-Raipur,12,11.6,8.7,14.5,17.4,14.5,34.8,11.6
Comilla-Debidwar,12,11.6,8.7,14.5,17.4,14.5,34.8,11.6
